{
    "games": [
        [
            "Red",
            "Blue",
            "RANDOM34495173",
            0,
            null,
            84.0,
            0
        ]
    ],
    "layouts": [
        "RANDOM34495173"
    ],
    "max_steps": 1200,
    "teams_stats": {
        "Blue": [
            33.333333333333336,
            1,
            0,
            1,
            0,
            0,
            0
        ],
        "Red": [
            33.333333333333336,
            1,
            0,
            1,
            0,
            0,
            0
        ]
    }
}