{
    "games": [
        [
            "Red",
            "Blue",
            "RANDOM70042270",
            0,
            null,
            74.0,
            0
        ]
    ],
    "layouts": [
        "RANDOM70042270"
    ],
    "max_steps": 1200,
    "teams_stats": {
        "Blue": [
            33.333333333333336,
            1,
            0,
            1,
            0,
            0,
            0
        ],
        "Red": [
            33.333333333333336,
            1,
            0,
            1,
            0,
            0,
            0
        ]
    }
}